CountryId	MemberOrderIndex	Id	ImageIndex	Name	Attack	Defense	Intelligence	Governing	LoyaltyBase	Gold	Contribution	Prestige	Loyalty	SalaryRatio	Force	IsPlayer	IsAttacked	Power	debugImagePath	debugMemo	
-1	-1	0	0	"イヴァ"	88	66	82	69	80	10	0	0	0	0	{"Soldiers":[{"Level":1},{"Level":1},{"Level":1},{"Level":1},{"Level":1},{"Level":1},{"Level":1},{"Level":1},{"Level":1},{"Level":1},{"Level":1},{"Level":1},{"Level":1},{"Level":1},{"Level":1}]}	false	false	780	"Assets/Development/FaceGenerator~/outputs分類分け/褐色/anime artwork, anime style, (portrait), knight, 1girl, (loli), blue hair, hair ornament, strong, dark skin, medieval, fantasy, ((transparent))__00071.png"	"褐色 f"	
-1	-1	3	0	"アストレア"	74	85	79	71	85	10	0	0	0	0	{"Soldiers":[{"Level":1},{"Level":1},{"Level":1},{"Level":1},{"Level":1},{"Level":1},{"Level":1},{"Level":1},{"Level":1},{"Level":1},{"Level":1},{"Level":1},{"Level":1},{"Level":1},{"Level":1}]}	false	false	790	"Assets/Development/FaceGenerator~/outputs分類分け/brown hair/anime artwork, anime style, (portrait), warrior, 1girl, loli, brown hair, long hair, medieval, fantasy, ((transparent))__00057.png"	"茶 f"	
-1	-1	5	0	"アネモネ"	77	77	90	88	75	10	0	0	0	0	{"Soldiers":[{"Level":1},{"Level":1},{"Level":1},{"Level":1},{"Level":1},{"Level":1},{"Level":1},{"Level":1},{"Level":1},{"Level":1},{"Level":1},{"Level":1},{"Level":1},{"Level":1},{"Level":1}]}	false	false	810	"Assets/Development/FaceGenerator~/outputs分類分け/red hair/anime artwork, anime style, (portrait), mage, 1girl, (loli), red hair, long hair, smile, medieval, fantasy, ((transparent))__00118.png"	"レッド f"	
-1	-1	6	0	"アマンダ"	65	81	78	83	90	10	0	0	0	0	{"Soldiers":[{"Level":1},{"Level":1},{"Level":1},{"Level":1},{"Level":1},{"Level":1},{"Level":1},{"Level":1},{"Level":1},{"Level":1},{"Level":1},{"Level":1},{"Level":1},{"Level":1},{"Level":1}]}	false	false	740	"Assets/Development/FaceGenerator~/outputs分類分け/red hair/anime artwork, anime style, (portrait), priest, 1girl, (loli), red hair, long hair, scarf, strong, medieval, fantasy, ((transparent))__00397.png"	"レッド f"	
-1	-1	7	0	"アリアドネ"	59	84	83	81	85	10	0	0	0	0	{"Soldiers":[{"Level":1},{"Level":1},{"Level":1},{"Level":1},{"Level":1},{"Level":1},{"Level":1},{"Level":1},{"Level":1},{"Level":1},{"Level":1},{"Level":1},{"Level":1},{"Level":1},{"Level":1}]}	false	false	750	"Assets/Development/FaceGenerator~/outputs分類分け/brown hair/anime artwork, anime style, (portrait), noble, 1girl, teenage, brown hair, medieval, fantasy, ((transparent))__00150.png"	"茶 f"	
-1	-1	8	0	"アリアナ"	74	87	86	80	80	10	0	0	0	0	{"Soldiers":[{"Level":1},{"Level":1},{"Level":1},{"Level":1},{"Level":1},{"Level":1},{"Level":1},{"Level":1},{"Level":1},{"Level":1},{"Level":1},{"Level":1},{"Level":1},{"Level":1},{"Level":1}]}	false	false	820	"Assets/Development/FaceGenerator~/outputs分類分け/green hair/anime artwork, anime style, (portrait), noble, 1girl, teenage, green hair, medieval, fantasy, ((transparent))__00466.png"	"グリーン f"	
-1	-1	9	0	"アリエル"	64	68	55	62	90	10	0	0	0	0	{"Soldiers":[{"Level":1},{"Level":1},{"Level":1},{"Level":1},{"Level":1},{"Level":1},{"Level":1},{"Level":1},{"Level":1},{"Level":1},{"Level":1},{"Level":1},{"Level":1},{"Level":1},{"Level":1}]}	false	false	620	"Assets/Development/FaceGenerator~/outputs分類分け/blue hair/anime artwork, anime style, (portrait), noble, 1boy, (shota), blue hair, brave, medieval, fantasy, ((transparent))__00099.png"	"ブルー m"	
-1	-1	11	0	"アルタイル"	94	45	74	56	80	10	0	0	0	0	{"Soldiers":[{"Level":1},{"Level":1},{"Level":1},{"Level":1},{"Level":1},{"Level":1},{"Level":1},{"Level":1},{"Level":1},{"Level":1},{"Level":1},{"Level":1},{"Level":1},{"Level":1},{"Level":1}]}	false	false	710	"Assets/Development/FaceGenerator~/outputs分類分け/green hair/anime artwork, anime style, (portrait), 1boy, (shota), green hair, intelligent, medieval, fantasy, ((transparent))__00135.png"	"グリーン m"	
-1	-1	12	0	"アルバート"	79	75	77	71	85	10	0	0	0	0	{"Soldiers":[{"Level":1},{"Level":1},{"Level":1},{"Level":1},{"Level":1},{"Level":1},{"Level":1},{"Level":1},{"Level":1},{"Level":1},{"Level":1},{"Level":1},{"Level":1},{"Level":1},{"Level":1}]}	false	false	770	"Assets/Development/FaceGenerator~/outputs分類分け/silver hair/anime artwork, anime style, (portrait), archer, 1boy, (shota), silver hair, brave, medieval, fantasy, ((transparent))__00399.png"	"その他 m"	
-1	-1	13	0	"アーサー"	92	98	93	88	65	10	0	0	0	0	{"Soldiers":[{"Level":1},{"Level":1},{"Level":1},{"Level":1},{"Level":1},{"Level":1},{"Level":1},{"Level":1},{"Level":1},{"Level":1},{"Level":1},{"Level":1},{"Level":1},{"Level":1},{"Level":1}]}	false	false	940	"Assets/Development/FaceGenerator~/outputs分類分け/brown hair/anime artwork, anime style, (portrait), warrior, 1boy, (shota), brown hair, long hair, bright, medieval, fantasy, ((transparent))__00526.png"	"茶 m"	
-1	-1	14	0	"イカロス"	87	79	63	60	80	10	0	0	0	0	{"Soldiers":[{"Level":1},{"Level":1},{"Level":1},{"Level":1},{"Level":1},{"Level":1},{"Level":1},{"Level":1},{"Level":1},{"Level":1},{"Level":1},{"Level":1},{"Level":1},{"Level":1},{"Level":1}]}	false	false	760	"Assets/Development/FaceGenerator~/outputs分類分け/blond hair/anime artwork, anime style, (portrait), knight, 1boy, (shota), blond hair, long hair, generous, medieval, fantasy, ((transparent))__00556.png"	"金髪 m"	
-1	-1	15	0	"イグレイン"	59	90	83	77	85	10	0	0	0	0	{"Soldiers":[{"Level":1},{"Level":1},{"Level":1},{"Level":1},{"Level":1},{"Level":1},{"Level":1},{"Level":1},{"Level":1},{"Level":1},{"Level":1},{"Level":1},{"Level":1},{"Level":1},{"Level":1}]}	false	false	770	"Assets/Development/FaceGenerator~/outputs分類分け/blue hair/anime artwork, anime style, (portrait), warrior, 1girl, blue hair, generous, medieval, fantasy, ((transparent))__00101.png"	"ブルー f"	
-1	-1	19	0	"イゾルデ"	38	80	77	79	90	10	0	0	0	0	{"Soldiers":[{"Level":1},{"Level":1},{"Level":1},{"Level":1},{"Level":1},{"Level":1},{"Level":1},{"Level":1},{"Level":1},{"Level":1},{"Level":1},{"Level":1},{"Level":1},{"Level":1},{"Level":1}]}	false	false	650	"Assets/Development/FaceGenerator~/outputs分類分け/purple hair/anime artwork, anime style, (portrait), knight, 1girl, (loli), purple hair, hair ornament, brave, dark skin, medieval, fantasy, ((transparent))__00161.png"	"その他 f"	
-1	-1	21	0	"イシュタル"	99	97	66	80	40	10	0	0	0	0	{"Soldiers":[{"Level":1},{"Level":1},{"Level":1},{"Level":1},{"Level":1},{"Level":1},{"Level":1},{"Level":1},{"Level":1},{"Level":1},{"Level":1},{"Level":1},{"Level":1},{"Level":1},{"Level":1}]}	false	false	870	"Assets/Development/FaceGenerator~/outputs分類分け/blue hair/anime artwork, anime style, (portrait), warrior, 1girl, (loli), blue hair, brave, medieval, fantasy, ((transparent))__00052.png"	"ブルー f"	
-1	-1	23	0	"エスメラルダ"	67	92	75	76	85	10	0	0	0	0	{"Soldiers":[{"Level":1},{"Level":1},{"Level":1},{"Level":1},{"Level":1},{"Level":1},{"Level":1},{"Level":1},{"Level":1},{"Level":1},{"Level":1},{"Level":1},{"Level":1},{"Level":1},{"Level":1}]}	false	false	780	"Assets/Development/FaceGenerator~/outputs分類分け/blond hair/anime artwork, anime style, (portrait), 1girl, (loli), blond hair, intelligent, medieval, fantasy, ((transparent))__00236.png"	"金髪 f"	
-1	-1	25	0	"エマ"	46	67	83	84	90	10	0	0	0	0	{"Soldiers":[{"Level":1},{"Level":1},{"Level":1},{"Level":1},{"Level":1},{"Level":1},{"Level":1},{"Level":1},{"Level":1},{"Level":1},{"Level":1},{"Level":1},{"Level":1},{"Level":1},{"Level":1}]}	false	false	650	"Assets/Development/FaceGenerator~/outputs分類分け/green hair/anime artwork, anime style, (portrait), swordman, 1girl, (loli), green hair, scarf, calm, medieval, fantasy, ((transparent))__00151.png"	"グリーン f"	
-1	-1	27	0	"エルロン"	68	55	51	50	90	10	0	0	0	0	{"Soldiers":[{"Level":1},{"Level":1},{"Level":1},{"Level":1},{"Level":1},{"Level":1},{"Level":1},{"Level":1},{"Level":1},{"Level":1},{"Level":1},{"Level":1},{"Level":1},{"Level":1},{"Level":1}]}	false	false	580	"Assets/Development/FaceGenerator~/outputs分類分け/brown hair/anime artwork, anime style, (portrait), warrior, 1boy, (shota), brown hair, bow, bright, medieval, fantasy, ((transparent))__00237.png"	"茶 m"	
-1	-1	28	0	"エレノア"	32	46	64	57	90	10	0	0	0	0	{"Soldiers":[{"Level":1},{"Level":1},{"Level":1},{"Level":1},{"Level":1},{"Level":1},{"Level":1},{"Level":1},{"Level":1},{"Level":1},{"Level":1},{"Level":1},{"Level":1},{"Level":1},{"Level":1}]}	false	false	470	"Assets/Development/FaceGenerator~/outputs分類分け/silver hair/anime artwork, anime style, (portrait), noble, 1girl, (loli), silver hair, short hair, calm, medieval, fantasy, ((transparent))__00521.png"	"その他 f"	
-1	-1	29	0	"オスカー"	54	71	51	47	90	10	0	0	0	0	{"Soldiers":[{"Level":1},{"Level":1},{"Level":1},{"Level":1},{"Level":1},{"Level":1},{"Level":1},{"Level":1},{"Level":1},{"Level":1},{"Level":1},{"Level":1},{"Level":1},{"Level":1},{"Level":1}]}	false	false	580	"Assets/Development/FaceGenerator~/outputs分類分け/green hair/anime artwork, anime style, (portrait), thief, 1boy, (shota), green hair, long hair, sword, bright, dark skin, medieval, fantasy, ((transparent))__00170.png"	"グリーン m"	
-1	-1	30	0	"オベロン"	72	88	90	85	70	10	0	0	0	0	{"Soldiers":[{"Level":1},{"Level":1},{"Level":1},{"Level":1},{"Level":1},{"Level":1},{"Level":1},{"Level":1},{"Level":1},{"Level":1},{"Level":1},{"Level":1},{"Level":1},{"Level":1},{"Level":1}]}	false	false	830	"Assets/Development/FaceGenerator~/outputs分類分け/blond hair/anime artwork, anime style, (portrait), warrior, 1boy, (shota), blond hair, generous, medieval, fantasy, ((transparent))__00026.png"	"金髪 m"	
-1	-1	32	0	"オリビア"	84	78	86	85	80	10	0	0	0	0	{"Soldiers":[{"Level":1},{"Level":1},{"Level":1},{"Level":1},{"Level":1},{"Level":1},{"Level":1},{"Level":1},{"Level":1},{"Level":1},{"Level":1},{"Level":1},{"Level":1},{"Level":1},{"Level":1}]}	false	false	820	"Assets/Development/FaceGenerator~/outputs分類分け/blond hair/anime artwork, anime style, (portrait), 1girl, teenage, blond hair, medieval, fantasy, ((transparent))__00248.png"	"金髪 f"	
-1	-1	34	0	"カトリーナ"	89	58	72	41	75	10	0	0	0	0	{"Soldiers":[{"Level":1},{"Level":1},{"Level":1},{"Level":1},{"Level":1},{"Level":1},{"Level":1},{"Level":1},{"Level":1},{"Level":1},{"Level":1},{"Level":1},{"Level":1},{"Level":1},{"Level":1}]}	false	false	730	"Assets/Development/FaceGenerator~/outputs分類分け/海賊outputs06/anime artwork, anime style, (portrait), pirate, 1girl, green hair, calm, dark skin, medieval, fantasy, ((transparent))__00178.png"	"褐色 f"	
-1	-1	37	0	"キャスパー"	55	70	83	85	85	10	0	0	0	0	{"Soldiers":[{"Level":1},{"Level":1},{"Level":1},{"Level":1},{"Level":1},{"Level":1},{"Level":1},{"Level":1},{"Level":1},{"Level":1},{"Level":1},{"Level":1},{"Level":1},{"Level":1},{"Level":1}]}	false	false	690	"Assets/Development/FaceGenerator~/outputs分類分け/red hair/anime artwork, anime style, (portrait), noble, 1boy, (shota), red hair, calm, medieval, fantasy, ((transparent))__00584.png"	"レッド m"	
-1	-1	38	0	"グリフィン"	87	85	70	82	70	10	0	0	0	0	{"Soldiers":[{"Level":1},{"Level":1},{"Level":1},{"Level":1},{"Level":1},{"Level":1},{"Level":1},{"Level":1},{"Level":1},{"Level":1},{"Level":1},{"Level":1},{"Level":1},{"Level":1},{"Level":1}]}	false	false	800	"Assets/Development/FaceGenerator~/outputs分類分け/black hair/anime artwork, anime style, (portrait), knight, solo, facial hair, black hair, medieval, fantasy, ((transparent))__00227.png"	"ブラック m"	
-1	-1	39	0	"ケイルン"	93	78	55	48	90	10	0	0	0	0	{"Soldiers":[{"Level":1},{"Level":1},{"Level":1},{"Level":1},{"Level":1},{"Level":1},{"Level":1},{"Level":1},{"Level":1},{"Level":1},{"Level":1},{"Level":1},{"Level":1},{"Level":1},{"Level":1}]}	false	false	750	"Assets/Development/FaceGenerator~/outputs分類分け/black hair/anime artwork, anime style, (portrait), swordman, 1boy, (shota), black hair, strong, medieval, fantasy, ((transparent))__00026.png"	"ブラック m"	
-1	-1	40	0	"ケイロス"	68	73	90	90	80	10	0	0	0	0	{"Soldiers":[{"Level":1},{"Level":1},{"Level":1},{"Level":1},{"Level":1},{"Level":1},{"Level":1},{"Level":1},{"Level":1},{"Level":1},{"Level":1},{"Level":1},{"Level":1},{"Level":1},{"Level":1}]}	false	false	770	"Assets/Development/FaceGenerator~/outputs分類分け/purple hair/anime artwork, anime style, (portrait), noble, 1boy, shota, purple hair, brave, medieval, fantasy, ((transparent))__00476.png"	"その他 m"	
-1	-1	45	0	"シエナ"	40	72	80	93	80	10	0	0	0	0	{"Soldiers":[{"Level":1},{"Level":1},{"Level":1},{"Level":1},{"Level":1},{"Level":1},{"Level":1},{"Level":1},{"Level":1},{"Level":1},{"Level":1},{"Level":1},{"Level":1},{"Level":1},{"Level":1}]}	false	false	640	"Assets/Development/FaceGenerator~/outputs分類分け/blue hair/anime artwork, anime style, (portrait), noble, 1girl, adult, blue hair, long hair, medieval, fantasy, ((transparent))__00093.png"	"ブルー f"	
-1	-1	47	0	"シャーロット"	82	77	74	67	75	10	0	0	0	0	{"Soldiers":[{"Level":1},{"Level":1},{"Level":1},{"Level":1},{"Level":1},{"Level":1},{"Level":1},{"Level":1},{"Level":1},{"Level":1},{"Level":1},{"Level":1},{"Level":1},{"Level":1},{"Level":1}]}	false	false	770	"Assets/Development/FaceGenerator~/outputs分類分け/海賊/anime artwork, anime style, (portrait), pirate, solo, mature female, brown hair, medieval, fantasy, ((transparent))__00164.png"	"その他 f"	
-1	-1	48	0	"シルバーン"	83	89	74	57	85	10	0	0	0	0	{"Soldiers":[{"Level":1},{"Level":1},{"Level":1},{"Level":1},{"Level":1},{"Level":1},{"Level":1},{"Level":1},{"Level":1},{"Level":1},{"Level":1},{"Level":1},{"Level":1},{"Level":1},{"Level":1}]}	false	false	820	"Assets/Development/FaceGenerator~/outputs分類分け/green hair/anime artwork, anime style, (portrait), 1boy, (shota), green hair, long hair, serious, medieval, fantasy, ((transparent))__00050.png"	"グリーン m"	
-1	-1	49	0	"ジェームズ"	78	88	74	65	90	10	0	0	0	0	{"Soldiers":[{"Level":1},{"Level":1},{"Level":1},{"Level":1},{"Level":1},{"Level":1},{"Level":1},{"Level":1},{"Level":1},{"Level":1},{"Level":1},{"Level":1},{"Level":1},{"Level":1},{"Level":1}]}	false	false	800	"Assets/Development/FaceGenerator~/outputs分類分け/brown hair/anime artwork, anime style, (portrait), knight, 1boy, (shota), brown hair, bow, brave, medieval, fantasy, ((transparent))__00027.png"	"茶 m"	
-1	-1	50	0	"ジャスパー"	91	79	61	54	80	10	0	0	0	0	{"Soldiers":[{"Level":1},{"Level":1},{"Level":1},{"Level":1},{"Level":1},{"Level":1},{"Level":1},{"Level":1},{"Level":1},{"Level":1},{"Level":1},{"Level":1},{"Level":1},{"Level":1},{"Level":1}]}	false	false	770	"Assets/Development/FaceGenerator~/outputs分類分け/blue hair/anime artwork, anime style, (portrait), warrior, 1boy, (shota), blue hair, sword, brave, medieval, fantasy, ((transparent))__00060.png"	"ブルー m"	
-1	-1	51	0	"ジャスミン"	58	78	84	76	85	10	0	0	0	0	{"Soldiers":[{"Level":1},{"Level":1},{"Level":1},{"Level":1},{"Level":1},{"Level":1},{"Level":1},{"Level":1},{"Level":1},{"Level":1},{"Level":1},{"Level":1},{"Level":1},{"Level":1},{"Level":1}]}	false	false	730	"Assets/Development/FaceGenerator~/outputs分類分け/褐色/anime artwork, anime style, (portrait), noble, 1girl, (loli), red hair, calm, dark skin, medieval, fantasy, ((transparent))__00124.png"	"褐色 f"	
-1	-1	53	0	"ジークフリート"	88	92	78	76	75	10	0	0	0	0	{"Soldiers":[{"Level":1},{"Level":1},{"Level":1},{"Level":1},{"Level":1},{"Level":1},{"Level":1},{"Level":1},{"Level":1},{"Level":1},{"Level":1},{"Level":1},{"Level":1},{"Level":1},{"Level":1}]}	false	false	860	"Assets/Development/FaceGenerator~/outputs分類分け/green hair/anime artwork, anime style, (portrait), warrior, 1boy, shota, green hair, long hair, medieval, fantasy, ((transparent))__00081.png"	"グリーン m"	
-1	-1	54	0	"セバスチャン"	84	86	81	80	75	10	0	0	0	0	{"Soldiers":[{"Level":1},{"Level":1},{"Level":1},{"Level":1},{"Level":1},{"Level":1},{"Level":1},{"Level":1},{"Level":1},{"Level":1},{"Level":1},{"Level":1},{"Level":1},{"Level":1},{"Level":1}]}	false	false	830	"Assets/Development/FaceGenerator~/outputs分類分け/blond hair/anime artwork, anime style, (portrait), knight, solo, mature male, blond hair, medieval, fantasy, ((transparent))__00112.png"	"金髪 m"	
-1	-1	57	0	"セレーネ"	74	86	93	94	80	10	0	0	0	0	{"Soldiers":[{"Level":1},{"Level":1},{"Level":1},{"Level":1},{"Level":1},{"Level":1},{"Level":1},{"Level":1},{"Level":1},{"Level":1},{"Level":1},{"Level":1},{"Level":1},{"Level":1},{"Level":1}]}	false	false	840	"Assets/Development/FaceGenerator~/outputs分類分け/silver hair/anime artwork, anime style, (portrait), warrior, 1girl, (loli), silver hair, hair ornament, charming, medieval, fantasy, ((transparent))__00123.png"	"その他 f"	
-1	-1	58	0	"ゼノン"	43	80	92	87	80	10	0	0	0	0	{"Soldiers":[{"Level":1},{"Level":1},{"Level":1},{"Level":1},{"Level":1},{"Level":1},{"Level":1},{"Level":1},{"Level":1},{"Level":1},{"Level":1},{"Level":1},{"Level":1},{"Level":1},{"Level":1}]}	false	false	710	"Assets/Development/FaceGenerator~/outputs分類分け/blue hair/anime artwork, anime style, (portrait), 1boy, (shota), blue hair, brave, medieval, fantasy, ((transparent))__00145.png"	"ブルー m"	
-1	-1	61	0	"ソフィア"	41	72	94	95	85	10	0	0	0	0	{"Soldiers":[{"Level":1},{"Level":1},{"Level":1},{"Level":1},{"Level":1},{"Level":1},{"Level":1},{"Level":1},{"Level":1},{"Level":1},{"Level":1},{"Level":1},{"Level":1},{"Level":1},{"Level":1}]}	false	false	690	"Assets/Development/FaceGenerator~/outputs分類分け/black hair/anime artwork, anime style, (portrait), noble, 1girl, (loli), black hair, scar, vivid, medieval, fantasy, ((transparent))__00140.png"	"ブラック f"	
-1	-1	62	0	"ソレイユ"	85	81	72	67	85	10	0	0	0	0	{"Soldiers":[{"Level":1},{"Level":1},{"Level":1},{"Level":1},{"Level":1},{"Level":1},{"Level":1},{"Level":1},{"Level":1},{"Level":1},{"Level":1},{"Level":1},{"Level":1},{"Level":1},{"Level":1}]}	false	false	790	"Assets/Development/FaceGenerator~/outputs分類分け/red hair/anime artwork, anime style, (portrait), knight, 1girl, loli, red hair, medieval, fantasy, ((transparent))__00409.png"	"レッド f"	
-1	-1	63	0	"タリシア"	83	85	70	72	85	10	0	0	0	0	{"Soldiers":[{"Level":1},{"Level":1},{"Level":1},{"Level":1},{"Level":1},{"Level":1},{"Level":1},{"Level":1},{"Level":1},{"Level":1},{"Level":1},{"Level":1},{"Level":1},{"Level":1},{"Level":1}]}	false	false	790	"Assets/Development/FaceGenerator~/outputs分類分け/red hair/anime artwork, anime style, (portrait), warrior, 1boy, red hair, brave, medieval, fantasy, ((transparent))__00087.png"	"レッド f"	
-1	-1	64	0	"チャールズ"	83	36	57	45	90	10	0	0	0	0	{"Soldiers":[{"Level":1},{"Level":1},{"Level":1},{"Level":1},{"Level":1},{"Level":1},{"Level":1},{"Level":1},{"Level":1},{"Level":1},{"Level":1},{"Level":1},{"Level":1},{"Level":1},{"Level":1}]}	false	false	580	"Assets/Development/FaceGenerator~/outputs分類分け/褐色/anime artwork, anime style, (portrait), warrior, 1boy, (shota), green hair, ribbon, calm, dark skin, medieval, fantasy, ((transparent))__00202.png"	"褐色 m"	
-1	-1	65	0	"デューン"	87	85	90	84	70	10	0	0	0	0	{"Soldiers":[{"Level":1},{"Level":1},{"Level":1},{"Level":1},{"Level":1},{"Level":1},{"Level":1},{"Level":1},{"Level":1},{"Level":1},{"Level":1},{"Level":1},{"Level":1},{"Level":1},{"Level":1}]}	false	false	870	"Assets/Development/FaceGenerator~/outputs分類分け/brown hair/anime artwork, anime style, (portrait), solo, mature male, brown hair, long hair, medieval, fantasy, ((transparent))__00190.png"	"茶 m"	
-1	-1	68	0	"ドレイク"	84	86	80	69	75	10	0	0	0	0	{"Soldiers":[{"Level":1},{"Level":1},{"Level":1},{"Level":1},{"Level":1},{"Level":1},{"Level":1},{"Level":1},{"Level":1},{"Level":1},{"Level":1},{"Level":1},{"Level":1},{"Level":1},{"Level":1}]}	false	false	830	"Assets/Development/FaceGenerator~/outputs分類分け/green hair/anime artwork, anime style, (portrait), warrior, solo, mature male, green hair, medieval, fantasy, ((transparent))__00041.png"	"グリーン m"	
-1	-1	69	0	"ナイア"	92	57	83	80	75	10	0	0	0	0	{"Soldiers":[{"Level":1},{"Level":1},{"Level":1},{"Level":1},{"Level":1},{"Level":1},{"Level":1},{"Level":1},{"Level":1},{"Level":1},{"Level":1},{"Level":1},{"Level":1},{"Level":1},{"Level":1}]}	false	false	770	"Assets/Development/FaceGenerator~/outputs分類分け/black hair/anime artwork, anime style, (portrait), 1girl, adult, black hair, long hair, medieval, fantasy, ((transparent))__00000.png"	"ブラック f"	
-1	-1	72	0	"ネメア"	83	70	76	71	90	10	0	0	0	0	{"Soldiers":[{"Level":1},{"Level":1},{"Level":1},{"Level":1},{"Level":1},{"Level":1},{"Level":1},{"Level":1},{"Level":1},{"Level":1},{"Level":1},{"Level":1},{"Level":1},{"Level":1},{"Level":1}]}	false	false	780	"Assets/Development/FaceGenerator~/outputs分類分け/blond hair/anime artwork, anime style, (portrait), knight, 1girl, loli, blond hair, short hair, medieval, fantasy, ((transparent))__00074.png"	"金髪 f"	
-1	-1	73	0	"ネロ"	60	75	88	87	80	10	0	0	0	0	{"Soldiers":[{"Level":1},{"Level":1},{"Level":1},{"Level":1},{"Level":1},{"Level":1},{"Level":1},{"Level":1},{"Level":1},{"Level":1},{"Level":1},{"Level":1},{"Level":1},{"Level":1},{"Level":1}]}	false	false	740	"Assets/Development/FaceGenerator~/outputs分類分け/black hair/anime artwork, anime style, (portrait), 1boy, shota, black hair, medieval, fantasy, ((transparent))__00400.png"	"ブラック m"	
-1	-1	74	0	"ノクターン"	86	79	88	56	80	10	0	0	0	0	{"Soldiers":[{"Level":1},{"Level":1},{"Level":1},{"Level":1},{"Level":1},{"Level":1},{"Level":1},{"Level":1},{"Level":1},{"Level":1},{"Level":1},{"Level":1},{"Level":1},{"Level":1},{"Level":1}]}	false	false	840	"Assets/Development/FaceGenerator~/outputs分類分け/褐色/anime artwork, anime style, (portrait), knight, 1boy, (shota), blue hair, charming, dark skin, medieval, fantasy, ((transparent))__00094.png"	"褐色 m"	
-1	-1	79	0	"フェニックス"	90	95	80	63	80	10	0	0	0	0	{"Soldiers":[{"Level":1},{"Level":1},{"Level":1},{"Level":1},{"Level":1},{"Level":1},{"Level":1},{"Level":1},{"Level":1},{"Level":1},{"Level":1},{"Level":1},{"Level":1},{"Level":1},{"Level":1}]}	false	false	880	"Assets/Development/FaceGenerator~/outputs分類分け/blond hair/anime artwork, anime style, (portrait), knight, 1boy, (shota), blond hair, vivid, medieval, fantasy, ((transparent))__00206.png"	"金髪 m"	
-1	-1	83	0	"ヘリオス"	95	93	96	77	50	10	0	0	0	0	{"Soldiers":[{"Level":1},{"Level":1},{"Level":1},{"Level":1},{"Level":1},{"Level":1},{"Level":1},{"Level":1},{"Level":1},{"Level":1},{"Level":1},{"Level":1},{"Level":1},{"Level":1},{"Level":1}]}	false	false	940	"Assets/Development/FaceGenerator~/outputs分類分け/blue hair/anime artwork, anime style, (portrait), knight, 1boy, (shota), blue hair, scar, vivid, medieval, fantasy, ((transparent))__00694.png"	"ブルー m"	
-1	-1	84	0	"ヘンリー"	81	90	85	84	70	10	0	0	0	0	{"Soldiers":[{"Level":1},{"Level":1},{"Level":1},{"Level":1},{"Level":1},{"Level":1},{"Level":1},{"Level":1},{"Level":1},{"Level":1},{"Level":1},{"Level":1},{"Level":1},{"Level":1},{"Level":1}]}	false	false	850	"Assets/Development/FaceGenerator~/outputs分類分け/blue hair/anime artwork, anime style, (portrait), warrior, solo, facial hair, blue hair, brave, medieval, fantasy, ((transparent))__00169.png"	"ブルー m"	
-1	-1	85	0	"ペルシヴァル"	89	93	80	71	95	10	0	0	0	0	{"Soldiers":[{"Level":1},{"Level":1},{"Level":1},{"Level":1},{"Level":1},{"Level":1},{"Level":1},{"Level":1},{"Level":1},{"Level":1},{"Level":1},{"Level":1},{"Level":1},{"Level":1},{"Level":1}]}	false	false	870	"Assets/Development/FaceGenerator~/outputs分類分け/red hair/anime artwork, anime style, (portrait), knight, 1boy, (shota), red hair, brave, medieval, fantasy, ((transparent))__00450.png"	"レッド m"	
-1	-1	87	0	"ミリアム"	75	82	86	79	85	10	0	0	0	0	{"Soldiers":[{"Level":1},{"Level":1},{"Level":1},{"Level":1},{"Level":1},{"Level":1},{"Level":1},{"Level":1},{"Level":1},{"Level":1},{"Level":1},{"Level":1},{"Level":1},{"Level":1},{"Level":1}]}	false	false	810	"Assets/Development/FaceGenerator~/outputs分類分け/褐色/anime artwork, anime style, (portrait), swordman, 1girl, (loli), blue hair, short hair, intelligent, dark skin, medieval, fantasy, ((transparent))__00220.png"	"褐色 f"	
-1	-1	88	0	"ライオネル"	93	92	90	89	70	10	0	0	0	0	{"Soldiers":[{"Level":1},{"Level":1},{"Level":1},{"Level":1},{"Level":1},{"Level":1},{"Level":1},{"Level":1},{"Level":1},{"Level":1},{"Level":1},{"Level":1},{"Level":1},{"Level":1},{"Level":1}]}	false	false	910	"Assets/Development/FaceGenerator~/outputs分類分け/black hair/anime artwork, anime style, (portrait), knight, 1boy, (shota), black hair, hair ornament, calm, medieval, fantasy, ((transparent))__00029.png"	"ブラック m"	
-1	-1	89	0	"ライラ"	46	55	81	76	90	10	0	0	0	0	{"Soldiers":[{"Level":1},{"Level":1},{"Level":1},{"Level":1},{"Level":1},{"Level":1},{"Level":1},{"Level":1},{"Level":1},{"Level":1},{"Level":1},{"Level":1},{"Level":1},{"Level":1},{"Level":1}]}	false	false	600	"Assets/Development/FaceGenerator~/outputs分類分け/red hair/anime artwork, anime style, (portrait), knight, 1girl, (loli), red hair, short hair, brave, medieval, fantasy, ((transparent))__00269.png"	"レッド f"	
-1	-1	91	0	"リリス"	87	79	70	68	75	10	0	0	0	0	{"Soldiers":[{"Level":1},{"Level":1},{"Level":1},{"Level":1},{"Level":1},{"Level":1},{"Level":1},{"Level":1},{"Level":1},{"Level":1},{"Level":1},{"Level":1},{"Level":1},{"Level":1},{"Level":1}]}	false	false	780	"Assets/Development/FaceGenerator~/outputs分類分け/green hair/anime artwork, anime style, (portrait), swordman, 1girl, (loli), green hair, scar, calm, medieval, fantasy, ((transparent))__00480.png"	"グリーン f"	
-1	-1	92	0	"ルシアン"	84	85	81	70	75	10	0	0	0	0	{"Soldiers":[{"Level":1},{"Level":1},{"Level":1},{"Level":1},{"Level":1},{"Level":1},{"Level":1},{"Level":1},{"Level":1},{"Level":1},{"Level":1},{"Level":1},{"Level":1},{"Level":1},{"Level":1}]}	false	false	830	"Assets/Development/FaceGenerator~/outputs分類分け/pink hair/anime artwork, anime style, (portrait), knight, 1boy, (shota), pink hair, long hair, calm, medieval, fantasy, ((transparent))__00011.png"	"その他 m"	
-1	-1	93	0	"ルナ"	49	65	92	93	85	10	0	0	0	0	{"Soldiers":[{"Level":1},{"Level":1},{"Level":1},{"Level":1},{"Level":1},{"Level":1},{"Level":1},{"Level":1},{"Level":1},{"Level":1},{"Level":1},{"Level":1},{"Level":1},{"Level":1},{"Level":1}]}	false	false	680	"Assets/Development/FaceGenerator~/outputs分類分け/green hair/anime artwork, anime style, (portrait), 1girl, teenage, green hair, medieval, fantasy, ((transparent))__00320.png"	"グリーン f"	
-1	-1	97	0	"ロザリンド"	84	60	81	82	85	10	0	0	0	0	{"Soldiers":[{"Level":1},{"Level":1},{"Level":1},{"Level":1},{"Level":1},{"Level":1},{"Level":1},{"Level":1},{"Level":1},{"Level":1},{"Level":1},{"Level":1},{"Level":1},{"Level":1},{"Level":1}]}	false	false	750	"Assets/Development/FaceGenerator~/outputs分類分け/blue hair/anime artwork, anime style, (portrait), noble, 1boy, adult, blue hair, medieval, fantasy, ((transparent))__00056.png"	"ブルー f"	
-1	-1	98	0	"ロゼッタ"	79	70	70	68	85	10	0	0	0	0	{"Soldiers":[{"Level":1},{"Level":1},{"Level":1},{"Level":1},{"Level":1},{"Level":1},{"Level":1},{"Level":1},{"Level":1},{"Level":1},{"Level":1},{"Level":1},{"Level":1},{"Level":1},{"Level":1}]}	false	false	730	"Assets/Development/FaceGenerator~/outputs分類分け/black hair/anime artwork, anime style, (portrait), knight, 1girl, (loli), black hair, ribbon, serious, medieval, fantasy, ((transparent))__00423.png"	"ブラック f"	
-1	-1	100	0	"ローズマリー"	85	73	76	75	80	10	0	0	0	0	{"Soldiers":[{"Level":1},{"Level":1},{"Level":1},{"Level":1},{"Level":1},{"Level":1},{"Level":1},{"Level":1},{"Level":1},{"Level":1},{"Level":1},{"Level":1},{"Level":1},{"Level":1},{"Level":1}]}	false	false	780	"Assets/Development/FaceGenerator~/outputs分類分け/海賊outputs06/anime artwork, anime style, (portrait), pirate, 1girl, red hair, hair ornament, calm, dark skin, medieval, fantasy, ((transparent))__00024.png"	"褐色 f"	
-1	-1	101	0	"ヴァルカン"	79	83	87	64	80	10	0	0	0	0	{"Soldiers":[{"Level":1},{"Level":1},{"Level":1},{"Level":1},{"Level":1},{"Level":1},{"Level":1},{"Level":1},{"Level":1},{"Level":1},{"Level":1},{"Level":1},{"Level":1},{"Level":1},{"Level":1}]}	false	false	830	"Assets/Development/FaceGenerator~/outputs分類分け/red hair/anime artwork, anime style, (portrait), warrior, 1boy, (shota), red hair, bow, bright, dark skin, medieval, fantasy, ((transparent))__00027.png"	"レッド m"	
-1	-1	102	0	"ヴィオレット"	64	70	69	72	90	10	0	0	0	0	{"Soldiers":[{"Level":1},{"Level":1},{"Level":1},{"Level":1},{"Level":1},{"Level":1},{"Level":1},{"Level":1},{"Level":1},{"Level":1},{"Level":1},{"Level":1},{"Level":1},{"Level":1},{"Level":1}]}	false	false	670	"Assets/Development/FaceGenerator~/outputs分類分け/purple hair/anime artwork, anime style, (portrait), knight, 1girl, (loli), purple hair, intelligent, medieval, fantasy, ((transparent))__00314.png"	"その他 f"	
0	0	96	0	"レオナルド"	90	69	81	70	70	30	15	10	0	80	{"Soldiers":[{"Level":3},{"Level":3},{"Level":3},{"Level":3},{"Level":3},{"Level":3},{"Level":3},{"Level":3},{"Level":3},{"Level":3},{"Level":3},{"Level":3},{"Level":3},{"Level":3},{"Level":3}]}	false	false	800	"Assets/Development/FaceGenerator~/outputs分類分け/green hair/anime artwork, anime style, (portrait), merchant, 1boy, adult, green hair, medieval, fantasy, ((transparent))__00301.png"	null	
0	1	52	0	"ジョージ"	91	60	56	53	85	20	10	5	0	20	{"Soldiers":[{"Level":1},{"Level":1},{"Level":1},{"Level":1},{"Level":1},{"Level":1},{"Level":1},{"Level":1},{"Level":1},{"Level":1},{"Level":1},{"Level":1},{"Level":1},{"Level":1},{"Level":1}]}	false	false	690	"Assets/Development/FaceGenerator~/outputs分類分け/green hair/anime artwork, anime style, (portrait), archer, solo, mature male, green hair, scarf, medieval, fantasy, ((transparent))__00317.png"	null	
1	0	56	0	"セレスティア"	89	92	93	90	90	30	15	10	0	0	{"Soldiers":[{"Level":3},{"Level":3},{"Level":3},{"Level":3},{"Level":3},{"Level":3},{"Level":3},{"Level":3},{"Level":3},{"Level":3},{"Level":3},{"Level":3},{"Level":3},{"Level":3},{"Level":3}]}	false	false	910	"Assets/Development/FaceGenerator~/outputs分類分け/green hair/anime artwork, anime style, (portrait), knight, 1girl, (loli), green hair, brave, medieval, fantasy, ((transparent))__00701.png"	null	
1	1	77	0	"ビクトリア"	20	90	96	93	90	20	10	5	0	20	{"Soldiers":[{"Level":1},{"Level":1},{"Level":1},{"Level":1},{"Level":1},{"Level":1},{"Level":1},{"Level":1},{"Level":1},{"Level":1},{"Level":1},{"Level":1},{"Level":1},{"Level":1},{"Level":1}]}	false	false	760	"Assets/Development/FaceGenerator~/outputs分類分け/green hair/anime artwork, anime style, (portrait), warrior, 1girl, (loli), green hair, bright, medieval, fantasy, ((transparent))__00255.png"	null	
1	2	33	0	"オーロラ"	94	95	86	38	90	20	5	5	0	15	{"Soldiers":[{"Level":1},{"Level":1},{"Level":1},{"Level":1},{"Level":1},{"Level":1},{"Level":1},{"Level":1},{"Level":1},{"Level":1},{"Level":1},{"Level":1},{"Level":1},{"Level":1},{"Level":1}]}	false	false	910	"Assets/Development/FaceGenerator~/outputs分類分け/green hair/anime artwork, anime style, (portrait), knight, 1girl, (loli), green hair, bright, medieval, fantasy, ((transparent))__00204.png"	null	
2	0	70	0	"ナオミ"	43	87	98	89	90	30	15	10	0	65	{"Soldiers":[{"Level":3},{"Level":3},{"Level":3},{"Level":3},{"Level":3},{"Level":3},{"Level":3},{"Level":3},{"Level":3},{"Level":3},{"Level":3},{"Level":3},{"Level":3},{"Level":3},{"Level":3}]}	false	false	760	"Assets/Development/FaceGenerator~/outputs分類分け/green hair/anime artwork, anime style, (portrait), knight, 1girl, (loli), green hair, scarf, charming, medieval, fantasy, ((transparent))__00502.png"	null	
2	1	82	0	"プロメテウス"	69	82	95	91	90	20	10	5	0	20	{"Soldiers":[{"Level":1},{"Level":1},{"Level":1},{"Level":1},{"Level":1},{"Level":1},{"Level":1},{"Level":1},{"Level":1},{"Level":1},{"Level":1},{"Level":1},{"Level":1},{"Level":1},{"Level":1}]}	false	false	820	"Assets/Development/FaceGenerator~/outputs分類分け/green hair/anime artwork, anime style, (portrait), 1boy, (shota), green hair, bow, generous, dark skin, medieval, fantasy, ((transparent))__00198.png"	null	
2	2	66	0	"トリスタン"	89	85	70	54	90	20	5	5	0	15	{"Soldiers":[{"Level":1},{"Level":1},{"Level":1},{"Level":1},{"Level":1},{"Level":1},{"Level":1},{"Level":1},{"Level":1},{"Level":1},{"Level":1},{"Level":1},{"Level":1},{"Level":1},{"Level":1}]}	false	false	810	"Assets/Development/FaceGenerator~/outputs分類分け/green hair/anime artwork, anime style, (portrait), warrior, 1boy, (shota), green hair, hair ornament, serious, medieval, fantasy, ((transparent))__00229.png"	null	
3	0	26	0	"エルシア"	79	91	84	78	80	30	15	10	0	80	{"Soldiers":[{"Level":3},{"Level":3},{"Level":3},{"Level":3},{"Level":3},{"Level":3},{"Level":3},{"Level":3},{"Level":3},{"Level":3},{"Level":3},{"Level":3},{"Level":3},{"Level":3},{"Level":3}]}	false	false	840	"Assets/Development/FaceGenerator~/outputs分類分け/red hair/anime artwork, anime style, (portrait), warrior, 1boy, (shota), red hair, short hair, ribbon, calm, bright, medieval, fantasy, ((transparent))__00014.png"	null	
3	1	18	0	"イゼルト"	75	87	88	85	85	20	10	5	0	20	{"Soldiers":[{"Level":1},{"Level":1},{"Level":1},{"Level":1},{"Level":1},{"Level":1},{"Level":1},{"Level":1},{"Level":1},{"Level":1},{"Level":1},{"Level":1},{"Level":1},{"Level":1},{"Level":1}]}	false	false	830	"Assets/Development/FaceGenerator~/outputs分類分け/black hair/anime artwork, anime style, (portrait), swordman, 1boy, (shota), black hair, scarf, brave, medieval, fantasy, ((transparent))__00537.png"	null	
4	0	67	0	"ドラゴミール"	91	60	69	65	70	30	15	10	0	80	{"Soldiers":[{"Level":3},{"Level":3},{"Level":3},{"Level":3},{"Level":3},{"Level":3},{"Level":3},{"Level":3},{"Level":3},{"Level":3},{"Level":3},{"Level":3},{"Level":3},{"Level":3},{"Level":3}]}	false	false	730	"Assets/Development/FaceGenerator~/outputs分類分け/blond hair/anime artwork, anime style, (portrait), warrior, 1boy, blond hair, brave, medieval, fantasy, ((transparent))__00242.png"	null	
4	1	24	0	"エドワード"	87	81	63	43	75	20	10	5	0	20	{"Soldiers":[{"Level":1},{"Level":1},{"Level":1},{"Level":1},{"Level":1},{"Level":1},{"Level":1},{"Level":1},{"Level":1},{"Level":1},{"Level":1},{"Level":1},{"Level":1},{"Level":1},{"Level":1}]}	false	false	770	"Assets/Development/FaceGenerator~/outputs分類分け/red hair/anime artwork, anime style, (portrait), swordman, 1boy, (shota), red hair, short hair, strong, dark skin, medieval, fantasy, ((transparent))__00226.png"	null	
5	0	86	0	"マーガレット"	79	72	80	84	80	30	15	10	0	80	{"Soldiers":[{"Level":3},{"Level":3},{"Level":3},{"Level":3},{"Level":3},{"Level":3},{"Level":3},{"Level":3},{"Level":3},{"Level":3},{"Level":3},{"Level":3},{"Level":3},{"Level":3},{"Level":3}]}	false	false	770	"Assets/Development/FaceGenerator~/outputs分類分け/green hair/anime artwork, anime style, (portrait), noble, 1girl, adult, green hair, medieval, fantasy, ((transparent))__00286.png"	null	
5	1	75	0	"ハイペリオン"	99	80	85	65	50	20	10	5	0	20	{"Soldiers":[{"Level":1},{"Level":1},{"Level":1},{"Level":1},{"Level":1},{"Level":1},{"Level":1},{"Level":1},{"Level":1},{"Level":1},{"Level":1},{"Level":1},{"Level":1},{"Level":1},{"Level":1}]}	false	false	880	"Assets/Development/FaceGenerator~/outputs分類分け/green hair/anime artwork, anime style, (portrait), noble, 1boy, (shota), green hair, brave, medieval, fantasy, ((transparent))__00413.png"	null	
6	0	81	0	"フレデリック"	91	90	92	91	60	30	15	10	0	55	{"Soldiers":[{"Level":3},{"Level":3},{"Level":3},{"Level":3},{"Level":3},{"Level":3},{"Level":3},{"Level":3},{"Level":3},{"Level":3},{"Level":3},{"Level":3},{"Level":3},{"Level":3},{"Level":3}]}	false	false	900	"Assets/Development/FaceGenerator~/outputs分類分け/no color/image5.png"	null	
6	1	36	0	"ガイアス"	78	88	89	97	80	20	10	10	0	20	{"Soldiers":[{"Level":1},{"Level":1},{"Level":1},{"Level":1},{"Level":1},{"Level":1},{"Level":1},{"Level":1},{"Level":1},{"Level":1},{"Level":1},{"Level":1},{"Level":1},{"Level":1},{"Level":1}]}	false	false	850	"Assets/Development/FaceGenerator~/outputs分類分け/red hair/anime artwork, anime style, (portrait), noble, solo, old man, red hair, intelligent, medieval, fantasy, ((transparent))__00267.png"	null	
6	2	95	0	"レイヴン"	94	81	74	63	80	20	5	5	0	15	{"Soldiers":[{"Level":1},{"Level":1},{"Level":1},{"Level":1},{"Level":1},{"Level":1},{"Level":1},{"Level":1},{"Level":1},{"Level":1},{"Level":1},{"Level":1},{"Level":1},{"Level":1},{"Level":1}]}	false	false	830	"Assets/Development/FaceGenerator~/outputs分類分け/black hair/anime artwork, anime style, (portrait), warrior, 1boy, (shota), black hair, calm, medieval, fantasy, ((transparent))__00176.png"	null	
6	3	42	0	"ザファーラ"	66	71	94	86	90	20	3	3	0	10	{"Soldiers":[{"Level":1},{"Level":1},{"Level":1},{"Level":1},{"Level":1},{"Level":1},{"Level":1},{"Level":1},{"Level":1},{"Level":1},{"Level":1},{"Level":1},{"Level":1},{"Level":1},{"Level":1}]}	false	false	770	"Assets/Development/FaceGenerator~/outputs分類分け/blond hair/anime artwork, anime style, (portrait), knight, 1girl, (loli), blond hair, hair ornament, smile, medieval, fantasy, ((transparent))__00074.png"	null	
7	0	44	0	"ザンダー"	78	94	93	88	70	30	15	10	0	65	{"Soldiers":[{"Level":3},{"Level":3},{"Level":3},{"Level":3},{"Level":3},{"Level":3},{"Level":3},{"Level":3},{"Level":3},{"Level":3},{"Level":3},{"Level":3},{"Level":3},{"Level":3},{"Level":3}]}	false	false	880	"Assets/Development/FaceGenerator~/outputs分類分け/blue hair/anime artwork, anime style, (portrait), noble, solo, facial hair, blue hair, medieval, fantasy, ((transparent))__00294.png"	null	
7	1	76	0	"ビアンカ"	83	85	90	81	85	20	10	5	0	20	{"Soldiers":[{"Level":1},{"Level":1},{"Level":1},{"Level":1},{"Level":1},{"Level":1},{"Level":1},{"Level":1},{"Level":1},{"Level":1},{"Level":1},{"Level":1},{"Level":1},{"Level":1},{"Level":1}]}	false	false	840	"Assets/Development/FaceGenerator~/outputs分類分け/blue hair/anime artwork, anime style, (portrait), noble, 1boy, adult, blue hair, calm, medieval, fantasy, ((transparent))__00283.png"	null	
7	2	31	0	"オリオン"	89	80	55	46	80	20	5	5	0	15	{"Soldiers":[{"Level":1},{"Level":1},{"Level":1},{"Level":1},{"Level":1},{"Level":1},{"Level":1},{"Level":1},{"Level":1},{"Level":1},{"Level":1},{"Level":1},{"Level":1},{"Level":1},{"Level":1}]}	false	false	740	"Assets/Development/FaceGenerator~/outputs分類分け/blue hair/anime artwork, anime style, (portrait), knight, 1boy, (shota), blue hair, scar, brave, dark skin, medieval, fantasy, ((transparent))__00181.png"	null	
8	0	22	0	"ウィリアム"	50	79	83	96	80	30	15	10	0	80	{"Soldiers":[{"Level":3},{"Level":3},{"Level":3},{"Level":3},{"Level":3},{"Level":3},{"Level":3},{"Level":3},{"Level":3},{"Level":3},{"Level":3},{"Level":3},{"Level":3},{"Level":3},{"Level":3}]}	false	false	700	"Assets/Development/FaceGenerator~/outputs分類分け/brown hair/anime artwork, anime style, (portrait), noble, 1boy, adult, brown hair, medieval, fantasy, ((transparent))__00485.png"	null	
8	1	1	0	"アクエリアス"	86	98	74	66	65	20	10	5	0	20	{"Soldiers":[{"Level":1},{"Level":1},{"Level":1},{"Level":1},{"Level":1},{"Level":1},{"Level":1},{"Level":1},{"Level":1},{"Level":1},{"Level":1},{"Level":1},{"Level":1},{"Level":1},{"Level":1}]}	false	false	860	"Assets/Development/FaceGenerator~/outputs分類分け/black hair/anime artwork, anime style, (portrait), noble, solo, old man, black hair, short hair, calm, medieval, fantasy, ((transparent))__00175.png"	null	
9	0	43	0	"ザフィール"	82	78	86	91	70	30	15	10	0	80	{"Soldiers":[{"Level":3},{"Level":3},{"Level":3},{"Level":3},{"Level":3},{"Level":3},{"Level":3},{"Level":3},{"Level":3},{"Level":3},{"Level":3},{"Level":3},{"Level":3},{"Level":3},{"Level":3}]}	false	false	820	"Assets/Development/FaceGenerator~/outputs分類分け/blond hair/anime artwork, anime style, (portrait), swordman, solo, old man, blond hair, long hair, medieval, fantasy, ((transparent))__00004.png"	null	
9	1	99	0	"ローエン"	71	84	78	76	90	20	10	5	0	20	{"Soldiers":[{"Level":1},{"Level":1},{"Level":1},{"Level":1},{"Level":1},{"Level":1},{"Level":1},{"Level":1},{"Level":1},{"Level":1},{"Level":1},{"Level":1},{"Level":1},{"Level":1},{"Level":1}]}	false	false	770	"Assets/Development/FaceGenerator~/outputs分類分け/black hair/anime artwork, anime style, (portrait), knight, solo, old man, black hair, medieval, fantasy, ((transparent))__00420.png"	null	
10	0	71	0	"ナディア"	97	44	71	73	65	30	15	10	0	65	{"Soldiers":[{"Level":3},{"Level":3},{"Level":3},{"Level":3},{"Level":3},{"Level":3},{"Level":3},{"Level":3},{"Level":3},{"Level":3},{"Level":3},{"Level":3},{"Level":3},{"Level":3},{"Level":3}]}	false	false	700	"Assets/Development/FaceGenerator~/outputs分類分け/海賊/anime artwork, anime style, (portrait), pirate, 1boy, (shota), red hair, scar, brave, medieval, fantasy, ((transparent))__00461.png"	null	
10	1	2	0	"アステル"	94	56	51	41	70	20	10	5	0	20	{"Soldiers":[{"Level":1},{"Level":1},{"Level":1},{"Level":1},{"Level":1},{"Level":1},{"Level":1},{"Level":1},{"Level":1},{"Level":1},{"Level":1},{"Level":1},{"Level":1},{"Level":1},{"Level":1}]}	false	false	670	"Assets/Development/FaceGenerator~/outputs分類分け/海賊/anime artwork, anime style, (portrait), pirate, 1girl, (loli), blond hair, long hair, charming, medieval, fantasy, ((transparent))__00114.png"	null	
10	2	16	0	"イザベラ"	83	67	81	80	70	20	5	5	0	15	{"Soldiers":[{"Level":1},{"Level":1},{"Level":1},{"Level":1},{"Level":1},{"Level":1},{"Level":1},{"Level":1},{"Level":1},{"Level":1},{"Level":1},{"Level":1},{"Level":1},{"Level":1},{"Level":1}]}	false	false	770	"Assets/Development/FaceGenerator~/outputs分類分け/海賊outputs06/anime artwork, anime style, (portrait), pirate, 1girl, teenage, black hair, long hair, ribbon, serious, dark skin, medieval, fantasy, ((transparent))__00153.png"	null	
11	0	35	0	"カリオペ"	72	83	94	98	70	30	15	10	0	65	{"Soldiers":[{"Level":3},{"Level":3},{"Level":3},{"Level":3},{"Level":3},{"Level":3},{"Level":3},{"Level":3},{"Level":3},{"Level":3},{"Level":3},{"Level":3},{"Level":3},{"Level":3},{"Level":3}]}	false	false	830	"Assets/Development/FaceGenerator~/outputs分類分け/black hair/anime artwork, anime style, (portrait), noble, 1girl, teenage, black hair, long hair, medieval, fantasy, ((transparent))__00293.png"	null	
11	1	10	0	"アリシア"	76	74	93	94	85	20	10	5	0	20	{"Soldiers":[{"Level":1},{"Level":1},{"Level":1},{"Level":1},{"Level":1},{"Level":1},{"Level":1},{"Level":1},{"Level":1},{"Level":1},{"Level":1},{"Level":1},{"Level":1},{"Level":1},{"Level":1}]}	false	false	810	"Assets/Development/FaceGenerator~/outputs分類分け/pink hair/anime artwork, anime style, (portrait), noble, 1girl, (loli), pink hair, brave, medieval, fantasy, ((transparent))__00296.png"	null	
11	2	60	0	"ゼラン"	85	91	85	82	85	20	5	5	0	15	{"Soldiers":[{"Level":1},{"Level":1},{"Level":1},{"Level":1},{"Level":1},{"Level":1},{"Level":1},{"Level":1},{"Level":1},{"Level":1},{"Level":1},{"Level":1},{"Level":1},{"Level":1},{"Level":1}]}	false	false	870	"Assets/Development/FaceGenerator~/outputs分類分け/silver hair/anime artwork, anime style, (portrait), knight, 1boy, (shota), silver hair, long hair, intelligent, medieval, fantasy, ((transparent))__00056.png"	null	
12	0	80	0	"フリージア"	29	65	68	63	70	30	15	10	0	80	{"Soldiers":[{"Level":3},{"Level":3},{"Level":3},{"Level":3},{"Level":3},{"Level":3},{"Level":3},{"Level":3},{"Level":3},{"Level":3},{"Level":3},{"Level":3},{"Level":3},{"Level":3},{"Level":3}]}	false	false	540	"Assets/Development/FaceGenerator~/outputs分類分け/silver hair/anime artwork, anime style, (portrait), 1girl, silver hair, long hair, medieval, fantasy, ((transparent))__00449.png"	null	
12	1	94	0	"レイモンド"	75	96	81	57	95	20	10	5	0	20	{"Soldiers":[{"Level":1},{"Level":1},{"Level":1},{"Level":1},{"Level":1},{"Level":1},{"Level":1},{"Level":1},{"Level":1},{"Level":1},{"Level":1},{"Level":1},{"Level":1},{"Level":1},{"Level":1}]}	false	false	840	"Assets/Development/FaceGenerator~/outputs分類分け/black hair/anime artwork, anime style, (portrait), knight, 1boy, (shota), black hair, brave, medieval, fantasy, ((transparent))__00054.png"	null	
13	0	55	0	"セレスト"	93	84	90	88	70	30	15	10	0	65	{"Soldiers":[{"Level":3},{"Level":3},{"Level":3},{"Level":3},{"Level":3},{"Level":3},{"Level":3},{"Level":3},{"Level":3},{"Level":3},{"Level":3},{"Level":3},{"Level":3},{"Level":3},{"Level":3}]}	false	false	890	"Assets/Development/FaceGenerator~/outputs分類分け/black hair/anime artwork, anime style, (portrait), 1boy, (shota), black hair, brave, medieval, fantasy, ((transparent))__00190.png"	null	
13	1	90	0	"ラベンダー"	84	53	91	75	85	20	10	5	0	20	{"Soldiers":[{"Level":1},{"Level":1},{"Level":1},{"Level":1},{"Level":1},{"Level":1},{"Level":1},{"Level":1},{"Level":1},{"Level":1},{"Level":1},{"Level":1},{"Level":1},{"Level":1},{"Level":1}]}	false	false	760	"Assets/Development/FaceGenerator~/outputs分類分け/purple hair/anime artwork, anime style, (portrait), warrior, 1girl, teenage, purple hair, brave, medieval, fantasy, ((transparent))__00113.png"	null	
13	2	59	0	"シャノン"	56	83	92	90	85	20	5	5	0	15	{"Soldiers":[{"Level":1},{"Level":1},{"Level":1},{"Level":1},{"Level":1},{"Level":1},{"Level":1},{"Level":1},{"Level":1},{"Level":1},{"Level":1},{"Level":1},{"Level":1},{"Level":1},{"Level":1}]}	false	false	770	"Assets/Development/FaceGenerator~/outputs分類分け/black hair/anime artwork, anime style, (portrait), 1boy, (shota), black hair, scar, charming, medieval, fantasy, ((transparent))__00061.png"	null	
14	0	41	0	"ケルベロス"	90	63	80	57	90	30	15	10	0	80	{"Soldiers":[{"Level":3},{"Level":3},{"Level":3},{"Level":3},{"Level":3},{"Level":3},{"Level":3},{"Level":3},{"Level":3},{"Level":3},{"Level":3},{"Level":3},{"Level":3},{"Level":3},{"Level":3}]}	false	false	770	"Assets/Development/FaceGenerator~/outputs分類分け/褐色/anime artwork, anime style, (portrait), merchant, 1boy, (shota), blue hair, short hair, brave, dark skin, medieval, fantasy, ((transparent))__00243.png"	null	
14	1	78	0	"ファエリン"	42	82	90	91	85	20	10	5	0	20	{"Soldiers":[{"Level":1},{"Level":1},{"Level":1},{"Level":1},{"Level":1},{"Level":1},{"Level":1},{"Level":1},{"Level":1},{"Level":1},{"Level":1},{"Level":1},{"Level":1},{"Level":1},{"Level":1}]}	false	false	710	"Assets/Development/FaceGenerator~/outputs分類分け/褐色/anime artwork, anime style, (portrait), noble, 1girl, (loli), black hair, long hair, calm, dark skin, medieval, fantasy, ((transparent))__00203.png"	null	
15	0	20	0	"イリス"	61	86	73	85	70	30	15	10	0	80	{"Soldiers":[{"Level":3},{"Level":3},{"Level":3},{"Level":3},{"Level":3},{"Level":3},{"Level":3},{"Level":3},{"Level":3},{"Level":3},{"Level":3},{"Level":3},{"Level":3},{"Level":3},{"Level":3}]}	false	false	730	"Assets/Development/FaceGenerator~/outputs分類分け/black hair/anime artwork, anime style, (portrait), solo, old woman, black hair, medieval, fantasy, ((transparent))__00168.png"	null	
15	1	46	0	"シエラ"	90	90	90	60	90	20	10	5	0	20	{"Soldiers":[{"Level":1},{"Level":1},{"Level":1},{"Level":1},{"Level":1},{"Level":1},{"Level":1},{"Level":1},{"Level":1},{"Level":1},{"Level":1},{"Level":1},{"Level":1},{"Level":1},{"Level":1}]}	false	false	900	"Assets/Development/FaceGenerator~/outputs分類分け/black hair/anime artwork, anime style, (portrait), warrior, 1girl, loli, black hair, medieval, fantasy, ((transparent))__00006.png"	null	
16	0	4	0	"アトラス"	93	89	86	81	70	30	15	10	0	100	{"Soldiers":[{"Level":3},{"Level":3},{"Level":3},{"Level":3},{"Level":3},{"Level":3},{"Level":3},{"Level":3},{"Level":3},{"Level":3},{"Level":3},{"Level":3},{"Level":3},{"Level":3},{"Level":3}]}	false	false	890	"Assets/Development/FaceGenerator~/outputs分類分け/silver hair/anime artwork, anime style, (portrait), 1boy, silver hair, brave, medieval, fantasy, ((transparent))__00043.png"	null	
16	1	17	0	"イゼリア"	77	85	84	91	85	20	10	5	0	20	{"Soldiers":[{"Level":1},{"Level":1},{"Level":1},{"Level":1},{"Level":1},{"Level":1},{"Level":1},{"Level":1},{"Level":1},{"Level":1},{"Level":1},{"Level":1},{"Level":1},{"Level":1},{"Level":1}]}	false	false	820	"Assets/Development/FaceGenerator~/outputs分類分け/silver hair/anime artwork, anime style, (portrait), knight, 1girl, (loli), silver hair, scarf, generous, medieval, fantasy, ((transparent))__00247.png"	null	
